<manifest alg="2" build="11" opt="true" iceEnabled="true" iceMarkupVersion="2" exportTarget="other" resolutions="1x" timestamp="1433251781843">
  <folder name="css">
    <file name="site_global.css" crc="422415861"/>
    <file name="index.css" crc="3912576919" ref="index"/>
  </folder>
  <folder name="scripts">
    <file name="jquery-1.8.3.min.js" crc="3880902115" ref="phone>index:phone>200:phone>201:phone>202:phone>300:phone>302:phone>303:phone>410:phone>411:phone>412:phone>510:phone>520:phone>511:phone>512:phone>521:phone>610:phone>620:phone>100:phone>611:phone>612:phone>622:phone>621:phone>101:phone>710:phone>711:phone>712:phone>810:phone>830:phone>811:phone>831:phone>833:phone>832:phone>910:phone>920:phone>930:phone>940:phone>911:phone>921:phone>922:phone>931:phone>932:phone>933:phone>934:phone>941:phone>942:phone>943:phone>1010:phone>1020:phone>1030:phone>1011:phone>1012:phone>1021:phone>1022:phone>1032:phone>1031:phone>1110:phone>1120:phone>1130:phone>1140:phone>1150:phone>1160:phone>1111:phone>1121:phone>1131:phone>1132:phone>1161:phone>1162:phone>1200:phone>102:phone>812:phone>820:phone>821:phone>823:phone>822:phone>1122:phone>1141:phone>1151:phone>1152:phone>1142:phone>530:phone>531:phone>532:phone>420:phone>421:phone>422:phone>430:phone>431:phone>432:phone>630:phone>632:phone>631:phone>000:phone>301:phone>730:phone>731:phone>732:phone>1201:phone>1202:phone>1103:phone>720:phone>721:phone>722:phone>1210:phone>1211:phone>1212:phone>1213:tablet>index:index"/>
    <file name="museutils.js" crc="521960461" ref="phone>index:phone>200:phone>201:phone>202:phone>300:phone>302:phone>303:phone>410:phone>411:phone>412:phone>510:phone>520:phone>511:phone>512:phone>521:phone>610:phone>620:phone>100:phone>611:phone>612:phone>622:phone>621:phone>101:phone>710:phone>711:phone>712:phone>810:phone>830:phone>811:phone>831:phone>833:phone>832:phone>910:phone>920:phone>930:phone>940:phone>911:phone>921:phone>922:phone>931:phone>932:phone>933:phone>934:phone>941:phone>942:phone>943:phone>1010:phone>1020:phone>1030:phone>1011:phone>1012:phone>1021:phone>1022:phone>1032:phone>1031:phone>1110:phone>1120:phone>1130:phone>1140:phone>1150:phone>1160:phone>1111:phone>1121:phone>1131:phone>1132:phone>1161:phone>1162:phone>1200:phone>102:phone>812:phone>820:phone>821:phone>823:phone>822:phone>1122:phone>1141:phone>1151:phone>1152:phone>1142:phone>530:phone>531:phone>532:phone>420:phone>421:phone>422:phone>430:phone>431:phone>432:phone>630:phone>632:phone>631:phone>000:phone>301:phone>730:phone>731:phone>732:phone>1201:phone>1202:phone>1103:phone>720:phone>721:phone>722:phone>1210:phone>1211:phone>1212:phone>1213:tablet>index:index"/>
    <file name="jquery.watch.js" crc="56779320" ref="phone>index:phone>200:phone>201:phone>202:phone>300:phone>302:phone>303:phone>410:phone>411:phone>412:phone>510:phone>520:phone>511:phone>512:phone>521:phone>610:phone>620:phone>100:phone>611:phone>612:phone>622:phone>621:phone>101:phone>710:phone>711:phone>712:phone>810:phone>830:phone>811:phone>831:phone>833:phone>832:phone>910:phone>920:phone>930:phone>940:phone>911:phone>921:phone>922:phone>931:phone>932:phone>933:phone>934:phone>941:phone>942:phone>943:phone>1010:phone>1020:phone>1030:phone>1011:phone>1012:phone>1021:phone>1022:phone>1032:phone>1031:phone>1110:phone>1120:phone>1130:phone>1140:phone>1150:phone>1160:phone>1111:phone>1121:phone>1131:phone>1132:phone>1161:phone>1162:phone>1200:phone>102:phone>812:phone>820:phone>821:phone>823:phone>822:phone>1122:phone>1141:phone>1151:phone>1152:phone>1142:phone>530:phone>531:phone>532:phone>420:phone>421:phone>422:phone>430:phone>431:phone>432:phone>630:phone>632:phone>631:phone>000:phone>301:phone>730:phone>731:phone>732:phone>1201:phone>1202:phone>1103:phone>720:phone>721:phone>722:phone>1210:phone>1211:phone>1212:phone>1213:tablet>index:index"/>
    <file name="pie.js" crc="3827607177" ref="phone>index:phone>200:phone>201:phone>202:phone>300:phone>302:phone>303:phone>410:phone>411:phone>412:phone>510:phone>520:phone>511:phone>512:phone>521:phone>610:phone>620:phone>100:phone>611:phone>612:phone>622:phone>621:phone>101:phone>710:phone>711:phone>712:phone>810:phone>830:phone>811:phone>831:phone>833:phone>832:phone>910:phone>920:phone>930:phone>940:phone>911:phone>921:phone>922:phone>931:phone>932:phone>933:phone>934:phone>941:phone>942:phone>943:phone>1010:phone>1020:phone>1030:phone>1011:phone>1012:phone>1021:phone>1022:phone>1032:phone>1031:phone>1110:phone>1120:phone>1130:phone>1140:phone>1150:phone>1160:phone>1111:phone>1121:phone>1131:phone>1132:phone>1161:phone>1162:phone>1200:phone>102:phone>812:phone>820:phone>821:phone>823:phone>822:phone>1122:phone>1141:phone>1151:phone>1152:phone>1142:phone>530:phone>531:phone>532:phone>420:phone>421:phone>422:phone>430:phone>431:phone>432:phone>630:phone>632:phone>631:phone>000:phone>301:phone>730:phone>731:phone>732:phone>1201:phone>1202:phone>1103:phone>720:phone>721:phone>722:phone>1210:phone>1211:phone>1212:phone>1213:tablet>index:index"/>
    <file name="webpro.js" crc="220831917" ref="phone>510:phone>521:phone>530"/>
    <file name="form_check.php" crc="218543696" ref="phone>510:phone>530"/>
    <file name="form_throttle.php" crc="3988545917" ref="phone>510:phone>530"/>
    <file name="form_process.php" crc="4264751530" ref="phone>510:phone>530"/>
    <file name="form-u1337.php" crc="4190603389" ref="phone>510"/>
    <file name="musewpdisclosure.js" crc="4110183178" ref="phone>521"/>
    <file name="form-u2898.php" crc="3979697207" ref="phone>530"/>
    <file name="museredirect.js" crc="4117159434" ref="tablet>index:index"/>
  </folder>
  <folder name="images">
    <file name="title.gif" crc="96164486" ref="phone>index:tablet>index:index"/>
    <file name="1431089913594.jpg" crc="107145934" ref="phone>index:tablet>index:index"/>
    <file name="confectionary_1.gif" crc="204491712" ref="phone>200:phone>201:phone>202:phone>300:phone>302:phone>303:phone>410:phone>411:phone>412:phone>510:phone>520:phone>511:phone>512:phone>521:phone>610:phone>620:phone>100:phone>611:phone>612:phone>622:phone>621:phone>101:phone>710:phone>711:phone>712:phone>810:phone>830:phone>811:phone>831:phone>833:phone>832:phone>910:phone>920:phone>930:phone>940:phone>911:phone>921:phone>922:phone>931:phone>932:phone>933:phone>934:phone>941:phone>942:phone>943:phone>1010:phone>1020:phone>1030:phone>1011:phone>1012:phone>1021:phone>1022:phone>1032:phone>1031:phone>1110:phone>1120:phone>1130:phone>1140:phone>1150:phone>1160:phone>1111:phone>1121:phone>1131:phone>1132:phone>1161:phone>1162:phone>1200:phone>102:phone>812:phone>820:phone>821:phone>823:phone>822:phone>1122:phone>1141:phone>1151:phone>1152:phone>1142:phone>530:phone>531:phone>532:phone>420:phone>421:phone>422:phone>430:phone>431:phone>432:phone>630:phone>632:phone>631:phone>000:phone>301:phone>730:phone>731:phone>732:phone>1201:phone>1202:phone>1103:phone>720:phone>721:phone>722:phone>1210:phone>1211:phone>1212:phone>1213:index"/>
    <file name="1431002467321.jpg" crc="4213900351" ref="phone>200:phone>201:phone>202"/>
    <file name="iphone落とした re.jpg" crc="211589755" ref="phone>202"/>
    <file name="1430879013290ed.jpg" crc="251739971" ref="phone>410:phone>411:phone>412:phone>420:phone>421:phone>422:phone>430:phone>431:phone>432"/>
    <file name="u1342-17.png" crc="279294396" ref="phone>510"/>
    <file name="u1342-17-r.png" crc="373259289" ref="phone>510"/>
    <file name="u1342-17-m.png" crc="3797032570" ref="phone>510"/>
    <file name="u1342-17-fs.png" crc="3972582532" ref="phone>510"/>
    <file name="1430879016350.jpg" crc="4229163015" ref="phone>610:phone>611:phone>612"/>
    <file name="1431002465136.jpg" crc="321476365" ref="phone>620:phone>622:phone>621"/>
    <file name="1430879011880.jpg" crc="379976249" ref="phone>100:phone>101:phone>102"/>
    <file name="line 再現.jpg" crc="410146412" ref="phone>710:phone>711:phone>712:phone>730:phone>731:phone>732"/>
    <file name="二段階認証 メール再現 22 back-u1899.png" crc="3962808086" ref="phone>810"/>
    <file name="pcking os販売 再現re.jpg" crc="254752887" ref="phone>830:phone>831:phone>833:phone>832"/>
    <file name="二段階認証 メール再現 22 back-u1890.png" crc="3962808086" ref="phone>811"/>
    <file name="最新のブラウザー-crop-u2090.jpg" crc="396285778" ref="phone>920"/>
    <file name="最新のブラウザー-crop-u2076.jpg" crc="396285778" ref="phone>921"/>
    <file name="最新のブラウザー-crop-u2111.jpg" crc="396285778" ref="phone>922"/>
    <file name="無線ｌａｎ re-u2438.png" crc="4007443534" ref="phone>1010"/>
    <file name="カメラ アクセスランプ.jpg" crc="91109345" ref="phone>1020:phone>1021:phone>1022"/>
    <file name="httpショッピングサイト-u2512.png" crc="21397666" ref="phone>1030"/>
    <file name="無線ｌａｎ re-u2397.png" crc="4007443534" ref="phone>1011"/>
    <file name="無線ｌａｎ re-u2426.png" crc="4007443534" ref="phone>1012"/>
    <file name="httpショッピングサイト-u2499.png" crc="21397666" ref="phone>1032"/>
    <file name="httpショッピングサイト-u2473.png" crc="21397666" ref="phone>1031"/>
    <file name="携帯デバイス ime辞書.jpg" crc="462675087" ref="phone>1150:phone>1151:phone>1152"/>
    <file name="二段階認証 メール再現 22 back-u1884.png" crc="3962808086" ref="phone>812"/>
    <file name="二段階認証 メール再現 22 back-u1912.png" crc="3962808086" ref="phone>820"/>
    <file name="二段階認証 メール再現 22 back-u1937.png" crc="3962808086" ref="phone>821"/>
    <file name="二段階認証 メール再現 22 back-u1960.png" crc="3962808086" ref="phone>823"/>
    <file name="二段階認証 メール再現 22 back-u1980.png" crc="3962808086" ref="phone>822"/>
    <file name="u2910-17.png" crc="3918446514" ref="phone>530"/>
    <file name="u2910-17-r.png" crc="4059637232" ref="phone>530"/>
    <file name="u2910-17-m.png" crc="4059637232" ref="phone>530"/>
    <file name="u2910-17-fs.png" crc="185735178" ref="phone>530"/>
    <file name="1430879015128.jpg" crc="3940723774" ref="phone>630:phone>632:phone>631:phone>720:phone>721:phone>722"/>
  </folder>
  <folder name="tablet">
    <folder name="css">
      <file name="index.css" crc="253348755" ref="tablet>index"/>
    </folder>
    <file name="index.html" crc="3941430512" mt="1431536860500" redirect="true"/>
  </folder>
  <folder name="phone">
    <folder name="css">
      <file name="master_loading.css" crc="3865499095" ref="phone>300:phone>930:phone>920:phone>200:phone>420:phone>820:phone>1211:phone>910:phone>1213:phone>1212:phone>1210:phone>1160:phone>530:phone>1150:phone>1140:phone>830:phone>1120:phone>810:phone>1130:phone>1110:phone>720:phone>710:phone>1103:phone>1202:phone>1201:phone>100:phone>430:phone>1030:phone>1020:phone>620:phone>1010:phone>610:phone>730:phone>1200:phone>000:phone>630:phone>520:phone>510:phone>410:phone>940"/>
      <file name="master_game.css" crc="266014457" ref="phone>302:phone>300:phone>1161:phone>1132:phone>930:phone>202:phone>201:phone>920:phone>1131:phone>200:phone>420:phone>820:phone>1211:phone>910:phone>1213:phone>1121:phone>532:phone>832:phone>1212:phone>833:phone>1210:phone>1111:phone>831:phone>531:phone>1160:phone>811:phone>530:phone>1150:phone>1152:phone>1142:phone>1151:phone>1141:phone>1140:phone>830:phone>1120:phone>1122:phone>810:phone>1130:phone>823:phone>822:phone>1110:phone>712:phone>722:phone>711:phone>721:phone>720:phone>710:phone>1103:phone>821:phone>1202:phone>1201:phone>101:phone>1032:phone>1031:phone>1022:phone>732:phone>621:phone>421:phone>622:phone>812:phone>1021:phone>612:phone>1012:phone>611:phone>422:phone>1011:phone>100:phone>430:phone>301:phone>731:phone>1030:phone>1020:phone>620:phone>1010:phone>610:phone>730:phone>1200:phone>000:phone>1162:phone>943:phone>521:phone>942:phone>512:phone>102:phone>630:phone>511:phone>632:phone>941:phone>520:phone>631:phone>934:phone>510:phone>432:phone>933:phone>431:phone>932:phone>931:phone>412:phone>922:phone>411:phone>921:phone>410:phone>911:phone>940:phone>303"/>
      <file name="302.css" crc="4250959500" ref="phone>302"/>
      <file name="300.css" crc="239234935" ref="phone>300"/>
      <file name="1161.css" crc="4263310015" ref="phone>1161"/>
      <file name="1132.css" crc="3801901667" ref="phone>1132"/>
      <file name="930.css" crc="3908465575" ref="phone>930"/>
      <file name="202.css" crc="3866413111" ref="phone>202"/>
      <file name="201.css" crc="41705430" ref="phone>201"/>
      <file name="920.css" crc="414055496" ref="phone>920"/>
      <file name="1131.css" crc="4253170147" ref="phone>1131"/>
      <file name="200.css" crc="328745481" ref="phone>200"/>
      <file name="420.css" crc="105263612" ref="phone>420"/>
      <file name="820.css" crc="219374095" ref="phone>820"/>
      <file name="1211.css" crc="4168050345" ref="phone>1211"/>
      <file name="910.css" crc="3999013275" ref="phone>910"/>
      <file name="1213.css" crc="494702798" ref="phone>1213"/>
      <file name="1121.css" crc="421591059" ref="phone>1121"/>
      <file name="532.css" crc="241268142" ref="phone>532"/>
      <file name="index.css" crc="4075544723" ref="phone>index"/>
      <file name="832.css" crc="497429239" ref="phone>832"/>
      <file name="1212.css" crc="4152939099" ref="phone>1212"/>
      <file name="833.css" crc="3795084279" ref="phone>833"/>
      <file name="1210.css" crc="7814124" ref="phone>1210"/>
      <file name="1111.css" crc="4290527995" ref="phone>1111"/>
      <file name="831.css" crc="121188083" ref="phone>831"/>
      <file name="531.css" crc="160703456" ref="phone>531"/>
      <file name="1160.css" crc="358355410" ref="phone>1160"/>
      <file name="811.css" crc="263535824" ref="phone>811"/>
      <file name="530.css" crc="3893968979" ref="phone>530"/>
      <file name="1150.css" crc="176476875" ref="phone>1150"/>
      <file name="1152.css" crc="238175936" ref="phone>1152"/>
      <file name="1142.css" crc="36091295" ref="phone>1142"/>
      <file name="1151.css" crc="211640097" ref="phone>1151"/>
      <file name="1141.css" crc="3758495767" ref="phone>1141"/>
      <file name="1140.css" crc="29871360" ref="phone>1140"/>
      <file name="830.css" crc="4084265599" ref="phone>830"/>
      <file name="1120.css" crc="4039727259" ref="phone>1120"/>
      <file name="1122.css" crc="4264604618" ref="phone>1122"/>
      <file name="810.css" crc="192953209" ref="phone>810"/>
      <file name="1130.css" crc="474636821" ref="phone>1130"/>
      <file name="823.css" crc="395074441" ref="phone>823"/>
      <file name="822.css" crc="3803100670" ref="phone>822"/>
      <file name="1110.css" crc="4013473352" ref="phone>1110"/>
      <file name="712.css" crc="4127098149" ref="phone>712"/>
      <file name="722.css" crc="4287723143" ref="phone>722"/>
      <file name="711.css" crc="4017216136" ref="phone>711"/>
      <file name="721.css" crc="3852668820" ref="phone>721"/>
      <file name="720.css" crc="4194387065" ref="phone>720"/>
      <file name="710.css" crc="246564865" ref="phone>710"/>
      <file name="1103.css" crc="3793597923" ref="phone>1103"/>
      <file name="821.css" crc="4032847118" ref="phone>821"/>
      <file name="1202.css" crc="360340257" ref="phone>1202"/>
      <file name="1201.css" crc="4085721630" ref="phone>1201"/>
      <file name="101.css" crc="131380368" ref="phone>101"/>
      <file name="1032.css" crc="430393993" ref="phone>1032"/>
      <file name="1031.css" crc="4173488145" ref="phone>1031"/>
      <file name="1022.css" crc="348269518" ref="phone>1022"/>
      <file name="732.css" crc="74783073" ref="phone>732"/>
      <file name="621.css" crc="3974029552" ref="phone>621"/>
      <file name="421.css" crc="4129641728" ref="phone>421"/>
      <file name="622.css" crc="147322618" ref="phone>622"/>
      <file name="812.css" crc="4095452018" ref="phone>812"/>
      <file name="1021.css" crc="110358283" ref="phone>1021"/>
      <file name="612.css" crc="77189733" ref="phone>612"/>
      <file name="1012.css" crc="4219686878" ref="phone>1012"/>
      <file name="611.css" crc="62912653" ref="phone>611"/>
      <file name="422.css" crc="7898129" ref="phone>422"/>
      <file name="1011.css" crc="4194297268" ref="phone>1011"/>
      <file name="100.css" crc="3805587802" ref="phone>100"/>
      <file name="430.css" crc="4269723255" ref="phone>430"/>
      <file name="301.css" crc="3948076855" ref="phone>301"/>
      <file name="731.css" crc="436399155" ref="phone>731"/>
      <file name="1030.css" crc="3810435854" ref="phone>1030"/>
      <file name="1020.css" crc="4202395164" ref="phone>1020"/>
      <file name="620.css" crc="137897960" ref="phone>620"/>
      <file name="1010.css" crc="4037317918" ref="phone>1010"/>
      <file name="610.css" crc="3803109125" ref="phone>610"/>
      <file name="730.css" crc="285098786" ref="phone>730"/>
      <file name="1200.css" crc="4246991139" ref="phone>1200"/>
      <file name="000.css" crc="3853893801" ref="phone>000"/>
      <file name="1162.css" crc="4023108581" ref="phone>1162"/>
      <file name="943.css" crc="3908744327" ref="phone>943"/>
      <file name="521.css" crc="458462299" ref="phone>521"/>
      <file name="942.css" crc="3828308249" ref="phone>942"/>
      <file name="512.css" crc="4024491793" ref="phone>512"/>
      <file name="102.css" crc="161149022" ref="phone>102"/>
      <file name="630.css" crc="397049346" ref="phone>630"/>
      <file name="511.css" crc="3902166815" ref="phone>511"/>
      <file name="632.css" crc="4039792543" ref="phone>632"/>
      <file name="941.css" crc="3841353496" ref="phone>941"/>
      <file name="520.css" crc="3851417090" ref="phone>520"/>
      <file name="631.css" crc="4145217466" ref="phone>631"/>
      <file name="934.css" crc="464144484" ref="phone>934"/>
      <file name="510.css" crc="446723857" ref="phone>510"/>
      <file name="432.css" crc="354289000" ref="phone>432"/>
      <file name="933.css" crc="97961976" ref="phone>933"/>
      <file name="431.css" crc="142839043" ref="phone>431"/>
      <file name="932.css" crc="76332097" ref="phone>932"/>
      <file name="931.css" crc="4059074525" ref="phone>931"/>
      <file name="412.css" crc="4096508832" ref="phone>412"/>
      <file name="922.css" crc="253295088" ref="phone>922"/>
      <file name="411.css" crc="4039629008" ref="phone>411"/>
      <file name="921.css" crc="4056015966" ref="phone>921"/>
      <file name="410.css" crc="53158752" ref="phone>410"/>
      <file name="911.css" crc="3816083723" ref="phone>911"/>
      <file name="940.css" crc="92806832" ref="phone>940"/>
      <file name="303.css" crc="4097748279" ref="phone>303"/>
    </folder>
    <file name="index.html" crc="3919063070" mt="1433248787666" redirect="true"/>
    <file name="200.html" crc="3922241532" mt="1433244113665" redirect="true"/>
    <file name="201.html" crc="308468162" mt="1433244113665" redirect="true"/>
    <file name="202.html" crc="209897995" mt="1433244113665" redirect="true"/>
    <file name="300.html" crc="4128176264" mt="1433244113665" redirect="true"/>
    <file name="302.html" crc="180029391" mt="1433244113665" redirect="true"/>
    <file name="303.html" crc="3772823701" mt="1433244113665" redirect="true"/>
    <file name="410.html" crc="4040214578" mt="1433244113665" redirect="true"/>
    <file name="411.html" crc="3861187147" mt="1433244113665" redirect="true"/>
    <file name="412.html" crc="4111112369" mt="1433244113665" redirect="true"/>
    <file name="510.html" crc="3798386338" mt="1433244113665" redirect="true"/>
    <file name="520.html" crc="4272140468" mt="1433244113665" redirect="true"/>
    <file name="511.html" crc="4211680269" mt="1433244113665" redirect="true"/>
    <file name="512.html" crc="3898315647" mt="1433244113665" redirect="true"/>
    <file name="521.html" crc="336773420" mt="1433244113665" redirect="true"/>
    <file name="610.html" crc="3783008307" mt="1433244113665" redirect="true"/>
    <file name="620.html" crc="4233739068" mt="1433244113665" redirect="true"/>
    <file name="100.html" crc="3824058581" mt="1433244113665" redirect="true"/>
    <file name="611.html" crc="367422752" mt="1433244113665" redirect="true"/>
    <file name="612.html" crc="3898215942" mt="1433244113665" redirect="true"/>
    <file name="622.html" crc="104878940" mt="1433244113665" redirect="true"/>
    <file name="621.html" crc="3895873594" mt="1433244113665" redirect="true"/>
    <file name="101.html" crc="3947191813" mt="1433244113665" redirect="true"/>
    <file name="710.html" crc="246044105" mt="1433244113665" redirect="true"/>
    <file name="711.html" crc="4237127643" mt="1433244113665" redirect="true"/>
    <file name="712.html" crc="358667825" mt="1433244113665" redirect="true"/>
    <file name="810.html" crc="3923305607" mt="1433244113665" redirect="true"/>
    <file name="830.html" crc="3866472777" mt="1433244113665" redirect="true"/>
    <file name="811.html" crc="3968242705" mt="1433244113665" redirect="true"/>
    <file name="831.html" crc="125274688" mt="1433244113665" redirect="true"/>
    <file name="833.html" crc="46510583" mt="1433244113665" redirect="true"/>
    <file name="832.html" crc="183251047" mt="1433244113665" redirect="true"/>
    <file name="910.html" crc="3880334649" mt="1433244113665" redirect="true"/>
    <file name="920.html" crc="3795849084" mt="1433244113665" redirect="true"/>
    <file name="930.html" crc="19556705" mt="1433244113665" redirect="true"/>
    <file name="940.html" crc="467870239" mt="1433244113665" redirect="true"/>
    <file name="911.html" crc="3906781510" mt="1433244113665" redirect="true"/>
    <file name="921.html" crc="265614202" mt="1433244113665" redirect="true"/>
    <file name="922.html" crc="473630477" mt="1433244113665" redirect="true"/>
    <file name="931.html" crc="4263429593" mt="1433244113665" redirect="true"/>
    <file name="932.html" crc="8555646" mt="1433244113665" redirect="true"/>
    <file name="933.html" crc="423284146" mt="1433244113665" redirect="true"/>
    <file name="934.html" crc="355216268" mt="1433244113665" redirect="true"/>
    <file name="941.html" crc="356610640" mt="1433244113665" redirect="true"/>
    <file name="942.html" crc="3929454558" mt="1433244113665" redirect="true"/>
    <file name="943.html" crc="324569391" mt="1433244113665" redirect="true"/>
    <file name="1010.html" crc="401912145" mt="1433244113665" redirect="true"/>
    <file name="1020.html" crc="3862872496" mt="1433244113665" redirect="true"/>
    <file name="1030.html" crc="3931443925" mt="1433244113665" redirect="true"/>
    <file name="1011.html" crc="3963455135" mt="1433244113665" redirect="true"/>
    <file name="1012.html" crc="4184991747" mt="1433244113665" redirect="true"/>
    <file name="1021.html" crc="3837560874" mt="1433244113665" redirect="true"/>
    <file name="1022.html" crc="507991277" mt="1433244113665" redirect="true"/>
    <file name="1032.html" crc="4140454407" mt="1433244113665" redirect="true"/>
    <file name="1031.html" crc="130983524" mt="1433244113665" redirect="true"/>
    <file name="1110.html" crc="317077121" mt="1433244113665" redirect="true"/>
    <file name="1120.html" crc="4002044491" mt="1433244113665" redirect="true"/>
    <file name="1130.html" crc="3903679249" mt="1433244113665" redirect="true"/>
    <file name="1140.html" crc="3997422215" mt="1433244113665" redirect="true"/>
    <file name="1150.html" crc="3933970934" mt="1433244113665" redirect="true"/>
    <file name="1160.html" crc="4292763275" mt="1433244113665" redirect="true"/>
    <file name="1111.html" crc="4145238858" mt="1433244113665" redirect="true"/>
    <file name="1121.html" crc="255833885" mt="1433244113665" redirect="true"/>
    <file name="1131.html" crc="4286336681" mt="1433244113665" redirect="true"/>
    <file name="1132.html" crc="4103653451" mt="1433244113665" redirect="true"/>
    <file name="1161.html" crc="3883831042" mt="1433244113665" redirect="true"/>
    <file name="1162.html" crc="3852069381" mt="1433244113665" redirect="true"/>
    <file name="1200.html" crc="501576181" mt="1433244113665" redirect="true"/>
    <file name="102.html" crc="3978028328" mt="1433244113665" redirect="true"/>
    <file name="812.html" crc="4139750912" mt="1433244113665" redirect="true"/>
    <file name="820.html" crc="4076863267" mt="1433244113665" redirect="true"/>
    <file name="821.html" crc="3820457328" mt="1433244113665" redirect="true"/>
    <file name="823.html" crc="4209043650" mt="1433244113665" redirect="true"/>
    <file name="822.html" crc="177184296" mt="1433244113665" redirect="true"/>
    <file name="1122.html" crc="299359965" mt="1433244113665" redirect="true"/>
    <file name="1141.html" crc="515438233" mt="1433244113665" redirect="true"/>
    <file name="1151.html" crc="3915694184" mt="1433244113665" redirect="true"/>
    <file name="1152.html" crc="407421576" mt="1433244113665" redirect="true"/>
    <file name="1142.html" crc="391727042" mt="1433244113665" redirect="true"/>
    <file name="530.html" crc="4258243626" mt="1433247730688" redirect="true"/>
    <file name="531.html" crc="484963017" mt="1433248804954" redirect="true"/>
    <file name="532.html" crc="4105254601" mt="1433244113665" redirect="true"/>
    <file name="420.html" crc="335598848" mt="1433244113665" redirect="true"/>
    <file name="421.html" crc="3988782575" mt="1433244113665" redirect="true"/>
    <file name="422.html" crc="3824170524" mt="1433244113665" redirect="true"/>
    <file name="430.html" crc="480409262" mt="1433244113665" redirect="true"/>
    <file name="431.html" crc="4277203143" mt="1433244113665" redirect="true"/>
    <file name="432.html" crc="4236248406" mt="1433244113665" redirect="true"/>
    <file name="630.html" crc="3852420556" mt="1433244113665" redirect="true"/>
    <file name="632.html" crc="4190164851" mt="1433244113665" redirect="true"/>
    <file name="631.html" crc="529544150" mt="1433244113665" redirect="true"/>
    <file name="000.html" crc="251825" mt="1433244113665" redirect="true"/>
    <file name="301.html" crc="4008157579" mt="1433244113665" redirect="true"/>
    <file name="730.html" crc="306705258" mt="1433244113665" redirect="true"/>
    <file name="731.html" crc="4025748675" mt="1433244113665" redirect="true"/>
    <file name="732.html" crc="354452098" mt="1433244113665" redirect="true"/>
    <file name="1201.html" crc="4210703335" mt="1433244113665" redirect="true"/>
    <file name="1202.html" crc="162093639" mt="1433244113665" redirect="true"/>
    <file name="1103.html" crc="4202972970" mt="1433244113665" redirect="true"/>
    <file name="720.html" crc="3959782016" mt="1433244113665" redirect="true"/>
    <file name="721.html" crc="4265541819" mt="1433244113665" redirect="true"/>
    <file name="722.html" crc="350489609" mt="1433244113665" redirect="true"/>
    <file name="1210.html" crc="3910042592" mt="1433244113665" redirect="true"/>
    <file name="1211.html" crc="385174434" mt="1433244113665" redirect="true"/>
    <file name="1212.html" crc="222656385" mt="1433244113665" redirect="true"/>
    <file name="1213.html" crc="3782835102" mt="1433244113665" redirect="true"/>
  </folder>
  <file name="index.html" crc="3838426249" mt="1433251682191" redirect="true"/>
</manifest>